CPU_load,2014-01-28T11:55:03.729958Z,0.0
CPU_temp,2014-01-28T11:55:03.729958Z,48.2
CPU_load,2014-01-28T23:55:03.535181Z,16.0
CPU_temp,2014-01-28T23:55:03.535181Z,48.7
CPU_load,2014-01-29T11:55:04.261164Z,7.000000000000001
CPU_temp,2014-01-29T11:55:04.261164Z,48.7
CPU_load,2014-01-29T23:55:04.532659Z,0.0
CPU_temp,2014-01-29T23:55:04.532659Z,48.7
CPU_load,2014-01-30T11:55:04.321247Z,3.0
CPU_temp,2014-01-30T11:55:04.321247Z,47.6
CPU_load,2014-01-30T23:55:03.580783Z,16.0
CPU_temp,2014-01-30T23:55:03.580783Z,49.8
CPU_load,2014-01-31T11:55:03.705957Z,0.0
CPU_temp,2014-01-31T11:55:03.705957Z,48.2
CPU_load,2014-01-31T23:55:03.806471Z,0.0
CPU_temp,2014-01-31T23:55:03.806471Z,50.8
CPU_load,2014-02-01T11:55:04.191822Z,0.0
CPU_temp,2014-02-01T11:55:04.191822Z,49.8
CPU_load,2014-02-01T23:55:04.284002Z,8.0
CPU_temp,2014-02-01T23:55:04.284002Z,48.7
CPU_load,2014-02-02T11:55:03.695783Z,0.0
CPU_temp,2014-02-02T11:55:03.695783Z,48.7
CPU_load,2014-02-02T23:55:04.161520Z,0.0
CPU_temp,2014-02-02T23:55:04.161520Z,49.8
CPU_load,2014-02-03T11:55:04.351100Z,0.0
CPU_temp,2014-02-03T11:55:04.351100Z,47.6
CPU_load,2014-02-03T23:55:04.348627Z,16.0
CPU_temp,2014-02-03T23:55:04.348627Z,49.2
CPU_load,2014-02-04T11:55:03.689929Z,0.0
CPU_temp,2014-02-04T11:55:03.689929Z,47.1
CPU_load,2014-02-04T23:55:03.517715Z,13.0
CPU_temp,2014-02-04T23:55:03.517715Z,48.7
CPU_load,2014-02-05T11:55:03.716359Z,0.0
CPU_temp,2014-02-05T11:55:03.716359Z,48.2
CPU_load,2014-02-05T23:55:04.622562Z,24.0
CPU_temp,2014-02-05T23:55:04.622562Z,49.8
CPU_load,2014-02-06T11:55:03.677534Z,0.0
CPU_temp,2014-02-06T11:55:03.677534Z,48.7
CPU_load,2014-02-06T23:55:03.743235Z,0.0
CPU_temp,2014-02-06T23:55:03.743235Z,49.8
CPU_load,2014-02-07T11:55:04.445135Z,0.0
CPU_temp,2014-02-07T11:55:04.445135Z,48.7
CPU_load,2014-02-07T23:55:04.035055Z,32.0
CPU_temp,2014-02-07T23:55:04.035055Z,50.8
CPU_load,2014-02-08T11:55:04.045752Z,0.0
CPU_temp,2014-02-08T11:55:04.045752Z,49.8
CPU_load,2014-02-08T23:55:04.288217Z,0.0
CPU_temp,2014-02-08T23:55:04.288217Z,50.8
CPU_load,2014-02-09T11:55:03.781914Z,0.0
CPU_temp,2014-02-09T11:55:03.781914Z,48.7
CPU_load,2014-02-09T23:55:03.692546Z,9.0
CPU_temp,2014-02-09T23:55:03.692546Z,48.7
CPU_load,2014-02-10T11:55:04.011859Z,8.0
CPU_temp,2014-02-10T11:55:04.011859Z,47.6
CPU_load,2014-02-10T23:55:05.864728Z,0.0
CPU_temp,2014-02-10T23:55:05.864728Z,48.7
CPU_load,2014-02-11T11:55:03.907792Z,0.0
CPU_temp,2014-02-11T11:55:03.907792Z,46.5
CPU_load,2014-02-11T23:55:03.815276Z,8.0
CPU_temp,2014-02-11T23:55:03.815276Z,48.7
CPU_load,2014-02-12T11:55:04.704558Z,8.0
CPU_temp,2014-02-12T11:55:04.704558Z,46.5
CPU_load,2014-02-12T23:55:03.980299Z,0.0
CPU_temp,2014-02-12T23:55:03.980299Z,48.7
CPU_load,2014-02-13T11:55:03.909278Z,0.0
CPU_temp,2014-02-13T11:55:03.909278Z,49.2
CPU_load,2014-02-13T23:55:04.259010Z,0.0
CPU_temp,2014-02-13T23:55:04.259010Z,49.8
CPU_load,2014-02-14T11:55:04.104431Z,8.0
CPU_temp,2014-02-14T11:55:04.104431Z,49.2
CPU_load,2014-02-14T23:35:03.996639Z,8.0
CPU_temp,2014-02-14T23:35:03.996639Z,50.8
CPU_load,2014-02-18T23:55:03.949466Z,13.0
CPU_temp,2014-02-18T23:55:03.949466Z,50.3
CPU_load,2014-02-19T11:55:03.796626Z,2.0
CPU_temp,2014-02-19T11:55:03.796626Z,49.2
CPU_load,2014-02-19T23:55:04.046438Z,0.0
CPU_temp,2014-02-19T23:55:04.046438Z,49.2
CPU_load,2014-02-20T11:55:04.253551Z,3.0
CPU_temp,2014-02-20T11:55:04.253551Z,49.2
CPU_load,2014-02-20T23:55:04.164756Z,16.0
CPU_temp,2014-02-20T23:55:04.164756Z,49.8
CPU_load,2014-02-21T11:55:03.529816Z,0.0
CPU_temp,2014-02-21T11:55:03.529816Z,50.3
CPU_load,2014-02-21T23:55:04.299221Z,0.0
CPU_temp,2014-02-21T23:55:04.299221Z,50.8
CPU_load,2014-02-22T11:55:04.458130Z,0.0
CPU_temp,2014-02-22T11:55:04.458130Z,49.2
CPU_load,2014-02-22T23:55:04.345438Z,0.0
CPU_temp,2014-02-22T23:55:04.345438Z,50.8
CPU_load,2014-02-23T11:55:03.994122Z,5.0
CPU_temp,2014-02-23T11:55:03.994122Z,48.7
CPU_load,2014-02-23T23:55:04.826804Z,0.0
CPU_temp,2014-02-23T23:55:04.826804Z,49.8
CPU_load,2014-02-24T11:55:04.658578Z,0.0
CPU_temp,2014-02-24T11:55:04.658578Z,49.2
CPU_load,2014-02-24T23:55:03.926143Z,8.0
CPU_temp,2014-02-24T23:55:03.926143Z,48.7
CPU_load,2014-02-25T11:55:03.809895Z,0.0
CPU_temp,2014-02-25T11:55:03.809895Z,49.2
CPU_load,2014-02-25T23:55:03.859835Z,0.0
CPU_temp,2014-02-25T23:55:03.859835Z,48.2
CPU_load,2014-02-26T11:55:04.580015Z,0.0
CPU_temp,2014-02-26T11:55:04.580015Z,48.2
CPU_load,2014-02-26T23:55:04.326576Z,17.0
CPU_temp,2014-02-26T23:55:04.326576Z,49.2
CPU_load,2014-02-27T11:55:04.329049Z,0.0
CPU_temp,2014-02-27T11:55:04.329049Z,48.2
CPU_load,2014-02-27T23:55:04.142664Z,0.0
CPU_temp,2014-02-27T23:55:04.142664Z,48.7
CPU_load,2014-02-28T11:55:04.053330Z,0.0
CPU_temp,2014-02-28T11:55:04.053330Z,48.7
CPU_load,2014-02-28T23:55:04.756698Z,8.0
CPU_temp,2014-02-28T23:55:04.756698Z,48.7
CPU_load,2014-03-01T11:55:04.031426Z,0.0
CPU_temp,2014-03-01T11:55:04.031426Z,50.8
CPU_load,2014-03-01T23:55:03.789309Z,0.0
CPU_temp,2014-03-01T23:55:03.789309Z,50.8
CPU_load,2014-03-02T11:55:03.554314Z,0.0
CPU_temp,2014-03-02T11:55:03.554314Z,49.8
CPU_load,2014-03-02T23:55:04.379486Z,0.0
CPU_temp,2014-03-02T23:55:04.379486Z,50.8
CPU_load,2014-03-03T11:55:03.677558Z,0.0
CPU_temp,2014-03-03T11:55:03.677558Z,49.2
CPU_load,2014-03-03T23:55:04.414554Z,0.0
CPU_temp,2014-03-03T23:55:04.414554Z,48.7
CPU_load,2014-03-04T11:55:04.532775Z,0.0
CPU_temp,2014-03-04T11:55:04.532775Z,49.2
CPU_load,2014-03-04T23:55:03.857048Z,16.0
CPU_temp,2014-03-04T23:55:03.857048Z,50.3
CPU_load,2014-03-05T11:55:04.270399Z,8.0
CPU_temp,2014-03-05T11:55:04.270399Z,49.8
CPU_load,2014-03-05T23:55:03.907999Z,0.0
CPU_temp,2014-03-05T23:55:03.907999Z,49.8
CPU_load,2014-03-06T11:55:04.364920Z,1.0
CPU_temp,2014-03-06T11:55:04.364920Z,49.8
CPU_load,2014-03-06T23:55:04.370681Z,8.0
CPU_temp,2014-03-06T23:55:04.370681Z,49.8
CPU_load,2014-03-07T11:55:03.888123Z,0.0
CPU_temp,2014-03-07T11:55:03.888123Z,49.8
CPU_load,2014-03-07T23:55:04.793518Z,0.0
CPU_temp,2014-03-07T23:55:04.793518Z,49.8
CPU_load,2014-03-08T11:55:03.619447Z,0.0
CPU_temp,2014-03-08T11:55:03.619447Z,49.8
CPU_load,2014-03-08T23:55:03.456186Z,19.0
CPU_temp,2014-03-08T23:55:03.456186Z,49.8
CPU_load,2014-03-09T11:55:03.775896Z,16.0
CPU_temp,2014-03-09T11:55:03.775896Z,49.2
CPU_load,2014-03-09T23:55:04.593879Z,0.0
CPU_temp,2014-03-09T23:55:04.593879Z,49.2
CPU_load,2014-03-10T11:55:35.052864Z,0.0
CPU_temp,2014-03-10T11:55:35.052864Z,48.7
CPU_load,2014-03-10T23:55:03.911498Z,16.0
CPU_temp,2014-03-10T23:55:03.911498Z,49.2
CPU_load,2014-03-11T11:55:04.530007Z,11.0
CPU_temp,2014-03-11T11:55:04.530007Z,49.2
CPU_load,2014-03-11T23:55:04.419646Z,4.0
CPU_temp,2014-03-11T23:55:04.419646Z,48.7
CPU_load,2014-03-12T11:55:03.673786Z,0.0
CPU_temp,2014-03-12T11:55:03.673786Z,48.7
CPU_load,2014-03-12T23:55:04.541337Z,0.0
CPU_temp,2014-03-12T23:55:04.541337Z,49.2
CPU_load,2014-03-13T11:55:04.284240Z,9.0
CPU_temp,2014-03-13T11:55:04.284240Z,48.7
CPU_load,2014-03-13T23:55:03.772165Z,0.0
CPU_temp,2014-03-13T23:55:03.772165Z,48.7
CPU_load,2014-03-14T11:55:03.906441Z,0.0
CPU_temp,2014-03-14T11:55:03.906441Z,49.2
CPU_load,2014-03-14T23:55:04.137085Z,6.0
CPU_temp,2014-03-14T23:55:04.137085Z,49.8
CPU_load,2014-03-15T11:55:03.419277Z,16.0
CPU_temp,2014-03-15T11:55:03.419277Z,48.7
CPU_load,2014-03-15T23:55:03.753278Z,4.0
CPU_temp,2014-03-15T23:55:03.753278Z,49.8
CPU_load,2014-03-16T11:55:03.443704Z,1.0
CPU_temp,2014-03-16T11:55:03.443704Z,49.8
CPU_load,2014-03-16T23:50:03.574280Z,0.0
CPU_temp,2014-03-16T23:55:03.850440Z,49.8
CPU_load,2014-03-17T11:55:04.171066Z,8.0
CPU_temp,2014-03-17T11:55:04.171066Z,49.8
CPU_load,2014-03-17T23:55:04.553315Z,8.0
CPU_temp,2014-03-17T23:55:04.553315Z,50.8
CPU_load,2014-03-18T11:55:04.504666Z,19.0
CPU_temp,2014-03-18T11:55:04.504666Z,50.8
CPU_load,2014-03-18T23:55:04.145345Z,0.0
CPU_temp,2014-03-18T23:55:04.145345Z,49.8
CPU_load,2014-03-19T11:55:04.356840Z,9.0
CPU_temp,2014-03-19T11:55:04.356840Z,50.8
CPU_load,2014-03-19T23:55:04.371685Z,14.000000000000002
CPU_temp,2014-03-19T23:55:04.371685Z,49.8
CPU_load,2014-03-20T11:55:03.728942Z,3.0
CPU_temp,2014-03-20T11:55:03.728942Z,50.8
CPU_load,2014-03-20T23:55:04.131018Z,12.0
CPU_temp,2014-03-20T23:55:04.131018Z,49.8
CPU_load,2014-03-21T11:55:03.565246Z,16.0
CPU_temp,2014-03-21T11:55:03.565246Z,50.8
CPU_load,2014-03-21T23:55:04.154233Z,11.0
CPU_temp,2014-03-21T23:55:04.154233Z,49.8
CPU_load,2014-03-22T11:55:03.605779Z,8.0
CPU_temp,2014-03-22T11:55:03.605779Z,49.8
CPU_load,2014-03-22T23:50:04.142489Z,0.0
CPU_temp,2014-03-22T23:55:04.507292Z,50.8
CPU_load,2014-03-23T11:55:03.450270Z,8.0
CPU_temp,2014-03-23T11:55:03.450270Z,49.8
CPU_load,2014-03-23T23:55:05.569380Z,8.0
CPU_temp,2014-03-23T23:55:05.569380Z,49.8
CPU_load,2014-03-24T11:55:03.839066Z,5.0
CPU_temp,2014-03-24T11:55:03.839066Z,49.8
CPU_load,2014-03-24T23:55:03.736469Z,0.0
CPU_temp,2014-03-24T23:55:03.736469Z,50.8
CPU_load,2014-03-25T11:55:04.540004Z,2.0
CPU_temp,2014-03-25T11:55:04.540004Z,50.8
CPU_load,2014-03-25T23:55:03.578154Z,16.0
CPU_temp,2014-03-25T23:55:03.578154Z,49.2
CPU_load,2014-03-26T11:55:04.244646Z,0.0
CPU_temp,2014-03-26T11:55:04.244646Z,50.8
CPU_load,2014-03-26T23:55:03.559150Z,0.0
CPU_temp,2014-03-26T23:55:03.559150Z,49.8
CPU_load,2014-03-27T11:55:03.940011Z,11.0
CPU_temp,2014-03-27T11:55:03.940011Z,49.8
CPU_load,2014-03-27T23:55:04.009422Z,8.0
CPU_temp,2014-03-27T23:55:04.009422Z,49.2
CPU_load,2014-03-28T11:55:04.296216Z,1.0
CPU_temp,2014-03-28T11:55:04.296216Z,50.8
CPU_load,2014-03-28T23:55:03.979128Z,0.0
CPU_temp,2014-03-28T23:55:03.979128Z,50.8
CPU_load,2014-03-29T11:55:04.344730Z,3.0
CPU_temp,2014-03-29T11:55:04.344730Z,49.8
CPU_load,2014-03-29T23:55:04.279134Z,8.0
CPU_temp,2014-03-29T23:55:04.279134Z,49.2
CPU_load,2014-03-30T11:55:03.390901Z,0.0
CPU_temp,2014-03-30T11:55:03.390901Z,48.7
CPU_load,2014-03-30T23:55:04.243753Z,0.0
CPU_temp,2014-03-30T23:55:04.243753Z,49.8
CPU_load,2014-03-31T11:55:04.145205Z,0.0
CPU_temp,2014-03-31T11:55:04.145205Z,49.2
CPU_load,2014-03-31T23:55:04.406513Z,8.0
CPU_temp,2014-03-31T23:55:04.406513Z,49.8
CPU_load,2014-04-01T11:55:04.676040Z,0.0
CPU_temp,2014-04-01T11:55:04.676040Z,50.3
CPU_load,2014-04-01T23:55:04.432454Z,4.0
CPU_temp,2014-04-01T23:55:04.432454Z,49.2
CPU_load,2014-04-02T11:55:04.265585Z,0.0
CPU_temp,2014-04-02T11:55:04.265585Z,49.8
CPU_load,2014-04-02T23:55:03.449619Z,18.0
CPU_temp,2014-04-02T23:55:03.449619Z,49.2
CPU_load,2014-04-03T11:55:05.156120Z,0.0
CPU_temp,2014-04-03T11:55:05.156120Z,50.8
CPU_load,2014-04-03T23:55:04.416529Z,0.0
CPU_temp,2014-04-03T23:55:04.416529Z,48.7
CPU_load,2014-04-04T11:55:04.429958Z,0.0
CPU_temp,2014-04-04T11:55:04.429958Z,49.8
CPU_load,2014-04-04T23:55:03.994614Z,19.0
CPU_temp,2014-04-04T23:55:03.994614Z,50.8
CPU_load,2014-04-05T11:55:04.128320Z,0.0
CPU_temp,2014-04-05T11:55:04.128320Z,50.8
CPU_load,2014-04-05T23:55:04.686038Z,0.0
CPU_temp,2014-04-05T23:55:04.686038Z,51.9
CPU_load,2014-04-06T11:55:03.523412Z,1.0
CPU_temp,2014-04-06T11:55:03.523412Z,51.4
CPU_load,2014-04-06T23:55:04.415330Z,16.0
CPU_temp,2014-04-06T23:55:04.415330Z,51.9
CPU_load,2014-04-07T11:55:03.821660Z,0.0
CPU_temp,2014-04-07T11:55:03.821660Z,51.4
CPU_load,2014-04-07T23:55:04.441533Z,0.0
CPU_temp,2014-04-07T23:55:04.441533Z,50.8
CPU_load,2014-04-08T11:55:04.403817Z,0.0
CPU_temp,2014-04-08T11:55:04.403817Z,51.4
CPU_load,2014-04-08T23:55:03.849328Z,0.0
CPU_temp,2014-04-08T23:55:03.849328Z,51.4
CPU_load,2014-04-09T11:55:04.101738Z,0.0
CPU_temp,2014-04-09T11:55:04.101738Z,51.9
CPU_load,2014-04-09T23:55:03.397486Z,16.0
CPU_temp,2014-04-09T23:55:03.397486Z,50.8
CPU_load,2014-04-10T11:55:04.265544Z,12.0
CPU_temp,2014-04-10T11:55:04.265544Z,51.4
CPU_load,2014-04-10T23:55:04.309911Z,0.0
CPU_temp,2014-04-10T23:55:04.309911Z,51.4
CPU_load,2014-04-11T11:55:03.781661Z,0.0
CPU_temp,2014-04-11T11:55:03.781661Z,51.9
CPU_load,2014-04-11T23:55:03.430531Z,16.0
CPU_temp,2014-04-11T23:55:03.430531Z,51.9
CPU_load,2014-04-12T11:55:04.859811Z,16.0
CPU_temp,2014-04-12T11:55:04.859811Z,51.4
CPU_load,2014-04-12T23:55:05.020153Z,0.0
CPU_temp,2014-04-12T23:55:05.020153Z,50.8
CPU_load,2014-04-13T11:55:03.667466Z,0.0
CPU_temp,2014-04-13T11:55:03.667466Z,51.9
CPU_load,2014-04-13T23:55:11.106606Z,0.0
CPU_temp,2014-04-13T23:55:11.106606Z,51.9
CPU_load,2014-04-14T11:55:04.092163Z,17.0
CPU_temp,2014-04-14T11:55:04.092163Z,51.4
CPU_load,2014-04-14T23:55:03.757014Z,0.0
CPU_temp,2014-04-14T23:55:03.757014Z,51.9
CPU_load,2014-04-15T11:55:04.211765Z,0.0
CPU_temp,2014-04-15T11:55:04.211765Z,51.9
CPU_load,2014-04-15T23:55:03.808087Z,0.0
CPU_temp,2014-04-15T23:55:03.808087Z,51.9
CPU_load,2014-04-16T11:55:03.676305Z,1.0
CPU_temp,2014-04-16T11:55:03.676305Z,51.9
CPU_load,2014-04-16T23:55:03.648398Z,1.0
CPU_temp,2014-04-16T23:55:03.648398Z,51.9
CPU_load,2014-04-17T11:55:03.844801Z,1.0
CPU_temp,2014-04-17T11:55:03.844801Z,53.0
CPU_load,2014-04-17T23:55:04.376807Z,0.0
CPU_temp,2014-04-17T23:55:04.376807Z,51.9
CPU_load,2014-04-18T11:55:03.508099Z,0.0
CPU_temp,2014-04-18T11:55:03.508099Z,51.9
CPU_load,2014-04-18T23:55:04.352321Z,0.0
CPU_temp,2014-04-18T23:55:04.352321Z,51.9
CPU_load,2014-04-19T11:55:04.404166Z,0.0
CPU_temp,2014-04-19T11:55:04.404166Z,53.0
CPU_load,2014-04-19T23:55:03.612166Z,0.0
CPU_temp,2014-04-19T23:55:03.612166Z,53.0
CPU_load,2014-04-20T11:55:04.141644Z,17.0
CPU_temp,2014-04-20T11:55:04.141644Z,53.0
CPU_load,2014-04-20T23:55:04.417443Z,0.0
CPU_temp,2014-04-20T23:55:04.417443Z,53.0
CPU_load,2014-04-21T11:55:03.849576Z,0.0
CPU_temp,2014-04-21T11:55:03.849576Z,53.5
CPU_load,2014-04-21T23:55:03.770239Z,0.0
CPU_temp,2014-04-21T23:55:03.770239Z,53.0
CPU_load,2014-04-22T11:55:03.970169Z,8.0
CPU_temp,2014-04-22T11:55:03.970169Z,53.5
CPU_load,2014-04-22T23:55:05.830309Z,16.0
CPU_temp,2014-04-22T23:55:05.830309Z,53.0
CPU_load,2014-04-23T11:55:04.027851Z,8.0
CPU_temp,2014-04-23T11:55:04.027851Z,53.0
CPU_load,2014-04-23T23:55:03.876363Z,0.0
CPU_temp,2014-04-23T23:55:03.876363Z,54.1
CPU_load,2014-04-24T11:55:04.224016Z,0.0
CPU_temp,2014-04-24T11:55:04.224016Z,54.1
CPU_load,2014-04-24T23:55:03.925203Z,16.0
CPU_temp,2014-04-24T23:55:03.925203Z,53.0
CPU_load,2014-04-25T11:55:03.658299Z,0.0
CPU_temp,2014-04-25T11:55:03.658299Z,53.0
CPU_load,2014-04-25T23:55:03.657272Z,7.000000000000001
CPU_temp,2014-04-25T23:55:03.657272Z,53.5
CPU_load,2014-04-26T11:55:04.155042Z,0.0
CPU_temp,2014-04-26T11:55:04.155042Z,54.6
CPU_load,2014-04-26T23:55:04.162113Z,0.0
CPU_temp,2014-04-26T23:55:04.162113Z,55.1
CPU_load,2014-04-27T11:55:03.785541Z,1.0
CPU_temp,2014-04-27T11:55:03.785541Z,54.1
CPU_load,2014-04-27T23:55:03.708337Z,0.0
CPU_temp,2014-04-27T23:55:03.708337Z,53.5
CPU_load,2014-04-28T11:55:04.178350Z,0.0
CPU_temp,2014-04-28T11:55:04.178350Z,54.6
CPU_load,2014-04-28T23:55:04.276584Z,24.0
CPU_temp,2014-04-28T23:55:04.276584Z,53.5
CPU_load,2014-04-29T11:55:04.683560Z,8.0
CPU_temp,2014-04-29T11:55:04.683560Z,54.1
CPU_load,2014-04-29T23:55:04.073200Z,0.0
CPU_temp,2014-04-29T23:55:04.073200Z,54.1
CPU_load,2014-04-30T11:55:04.515894Z,9.0
CPU_temp,2014-04-30T11:55:04.515894Z,54.1
CPU_load,2014-04-30T23:55:04.010571Z,1.0
CPU_temp,2014-04-30T23:55:04.010571Z,54.1
CPU_load,2014-05-01T11:55:03.665548Z,6.0
CPU_temp,2014-05-01T11:55:03.665548Z,54.1
CPU_load,2014-05-01T23:55:03.967344Z,1.0
CPU_temp,2014-05-01T23:55:03.967344Z,54.6
CPU_load,2014-05-02T11:55:04.105031Z,5.0
CPU_temp,2014-05-02T11:55:04.105031Z,55.1
CPU_load,2014-05-02T23:55:03.748149Z,16.0
CPU_temp,2014-05-02T23:55:03.748149Z,54.6
CPU_load,2014-05-03T11:55:04.400819Z,17.0
CPU_temp,2014-05-03T11:55:04.400819Z,54.1
CPU_load,2014-05-03T23:55:04.017152Z,0.0
CPU_temp,2014-05-03T23:55:04.017152Z,54.6
CPU_load,2014-05-04T11:55:03.597179Z,0.0
CPU_temp,2014-05-04T11:55:03.597179Z,54.6
CPU_load,2014-05-04T23:55:04.082821Z,0.0
CPU_temp,2014-05-04T23:55:04.082821Z,55.1
CPU_load,2014-05-05T11:55:03.851810Z,13.0
CPU_temp,2014-05-05T11:55:03.851810Z,54.1
CPU_load,2014-05-05T23:55:04.258928Z,1.0
CPU_temp,2014-05-05T23:55:04.258928Z,53.5
CPU_load,2014-05-06T11:55:04.485770Z,0.0
CPU_temp,2014-05-06T11:55:04.485770Z,53.5
CPU_load,2014-05-06T23:55:03.566769Z,8.0
CPU_temp,2014-05-06T23:55:03.566769Z,54.1
CPU_load,2014-05-07T11:55:03.757011Z,8.0
CPU_temp,2014-05-07T11:55:03.757011Z,55.1
CPU_load,2014-05-07T23:55:04.267605Z,3.0
CPU_temp,2014-05-07T23:55:04.267605Z,53.0
CPU_load,2014-05-08T11:55:03.459243Z,0.0
CPU_temp,2014-05-08T11:55:03.459243Z,55.1
CPU_load,2014-05-08T23:55:04.366733Z,1.0
CPU_temp,2014-05-08T23:55:04.366733Z,53.5
CPU_load,2014-05-09T11:55:04.092150Z,8.0
CPU_temp,2014-05-09T11:55:04.092150Z,54.1
CPU_load,2014-05-09T23:55:03.672113Z,0.0
CPU_temp,2014-05-09T23:55:03.672113Z,54.1
CPU_load,2014-05-10T11:55:04.259700Z,0.0
CPU_temp,2014-05-10T11:55:04.259700Z,55.1
CPU_load,2014-05-10T23:40:04.296770Z,0.0
CPU_temp,2014-05-10T23:40:04.296770Z,55.1
CPU_load,2014-05-11T11:55:03.916402Z,16.0
CPU_temp,2014-05-11T11:55:03.916402Z,56.2
CPU_load,2014-05-11T20:10:05.020638Z,0.0
CPU_temp,2014-05-11T20:10:05.020638Z,56.2
CPU_load,2014-05-13T23:55:03.772771Z,15.0
CPU_temp,2014-05-13T23:55:03.772771Z,55.7
CPU_load,2014-05-14T11:55:04.107497Z,0.0
CPU_temp,2014-05-14T11:55:04.107497Z,54.1
CPU_load,2014-05-14T23:55:03.819374Z,1.0
CPU_temp,2014-05-14T23:55:03.819374Z,54.6
CPU_load,2014-05-15T09:30:04.436474Z,0.0
CPU_temp,2014-05-15T09:30:04.436474Z,54.1
CPU_load,2014-05-15T23:55:04.381158Z,0.0
CPU_temp,2014-05-15T23:55:04.381158Z,54.1
CPU_load,2014-05-16T11:55:04.695296Z,0.0
CPU_temp,2014-05-16T11:55:04.695296Z,54.1
CPU_load,2014-05-16T23:55:04.481171Z,0.0
CPU_temp,2014-05-16T23:55:04.481171Z,54.1
CPU_load,2014-05-17T11:55:03.964385Z,16.0
CPU_temp,2014-05-17T11:55:03.964385Z,53.5
CPU_load,2014-05-17T23:55:03.736786Z,3.0
CPU_temp,2014-05-17T23:55:03.736786Z,54.6
CPU_load,2014-05-18T11:55:04.195830Z,1.0
CPU_temp,2014-05-18T11:55:04.195830Z,55.7
CPU_load,2014-05-18T23:55:04.180031Z,0.0
CPU_temp,2014-05-18T23:55:04.180031Z,54.1
CPU_load,2014-05-19T11:55:04.686194Z,8.0
CPU_temp,2014-05-19T11:55:04.686194Z,54.1
CPU_load,2014-05-19T23:55:03.471749Z,0.0
CPU_temp,2014-05-19T23:55:03.471749Z,54.1
CPU_load,2014-05-20T11:55:04.035311Z,0.0
CPU_temp,2014-05-20T11:55:04.035311Z,54.1
CPU_load,2014-05-20T23:55:03.699363Z,1.0
CPU_temp,2014-05-20T23:55:03.699363Z,53.5
CPU_load,2014-05-21T11:55:04.329181Z,8.0
CPU_temp,2014-05-21T11:55:04.329181Z,54.1
CPU_load,2014-05-21T23:55:03.561146Z,0.0
CPU_temp,2014-05-21T23:55:03.561146Z,54.1
CPU_load,2014-05-22T11:55:04.017665Z,0.0
CPU_temp,2014-05-22T11:55:04.017665Z,53.5
CPU_load,2014-05-22T23:55:04.199450Z,0.0
CPU_temp,2014-05-22T23:55:04.199450Z,54.1
CPU_load,2014-05-23T11:55:04.249006Z,16.0
CPU_temp,2014-05-23T11:55:04.249006Z,54.1
CPU_load,2014-05-23T23:55:04.060287Z,0.0
CPU_temp,2014-05-23T23:55:04.060287Z,54.6
CPU_load,2014-05-24T11:55:04.241508Z,0.0
CPU_temp,2014-05-24T11:55:04.241508Z,55.7
CPU_load,2014-05-24T23:55:04.673383Z,0.0
CPU_temp,2014-05-24T23:55:04.673383Z,54.1
CPU_load,2014-05-25T11:55:04.169551Z,8.0
CPU_temp,2014-05-25T11:55:04.169551Z,54.1
CPU_load,2014-05-25T23:55:04.347536Z,8.0
CPU_temp,2014-05-25T23:55:04.347536Z,55.7
CPU_load,2014-05-26T11:55:03.488490Z,0.0
CPU_temp,2014-05-26T11:55:03.488490Z,55.7
CPU_load,2014-05-26T23:55:04.672086Z,0.0
CPU_temp,2014-05-26T23:55:04.672086Z,55.1
CPU_load,2014-05-27T11:55:03.660483Z,18.0
CPU_temp,2014-05-27T11:55:03.660483Z,54.6
CPU_load,2014-05-27T23:55:04.117959Z,8.0
CPU_temp,2014-05-27T23:55:04.117959Z,54.1
CPU_load,2014-05-28T11:55:03.553866Z,0.0
CPU_temp,2014-05-28T11:55:03.553866Z,54.6
CPU_load,2014-05-28T23:55:04.200642Z,1.0
CPU_temp,2014-05-28T23:55:04.200642Z,53.5
CPU_load,2014-05-29T11:55:03.516045Z,8.0
CPU_temp,2014-05-29T11:55:03.516045Z,53.5
CPU_load,2014-05-29T23:55:03.832723Z,0.0
CPU_temp,2014-05-29T23:55:03.832723Z,54.6
CPU_load,2014-05-30T11:55:03.614363Z,1.0
CPU_temp,2014-05-30T11:55:03.614363Z,54.1
CPU_load,2014-05-30T23:55:04.099497Z,7.000000000000001
CPU_temp,2014-05-30T23:55:04.099497Z,54.1
CPU_load,2014-05-31T11:55:04.056464Z,10.0
CPU_temp,2014-05-31T11:55:04.056464Z,54.1
CPU_load,2014-05-31T23:55:04.687974Z,0.0
CPU_temp,2014-05-31T23:55:04.687974Z,54.1
CPU_load,2014-06-01T11:55:03.509041Z,8.0
CPU_temp,2014-06-01T11:55:03.509041Z,54.1
CPU_load,2014-06-01T23:55:04.218895Z,16.0
CPU_temp,2014-06-01T23:55:04.218895Z,54.1
CPU_load,2014-06-02T11:55:04.292152Z,0.0
CPU_temp,2014-06-02T11:55:04.292152Z,54.1
CPU_load,2014-06-02T23:55:03.971969Z,0.0
CPU_temp,2014-06-02T23:55:03.971969Z,55.1
CPU_load,2014-06-03T11:55:03.975581Z,0.0
CPU_temp,2014-06-03T11:55:03.975581Z,54.1
CPU_load,2014-06-03T23:55:04.469526Z,16.0
CPU_temp,2014-06-03T23:55:04.469526Z,55.1
CPU_load,2014-06-04T11:55:04.065511Z,0.0
CPU_temp,2014-06-04T11:55:04.065511Z,54.1
CPU_load,2014-06-04T23:55:04.094138Z,0.0
CPU_temp,2014-06-04T23:55:04.094138Z,55.1
CPU_load,2014-06-05T11:55:03.685985Z,16.0
CPU_temp,2014-06-05T11:55:03.685985Z,55.1
CPU_load,2014-06-05T23:55:04.408111Z,27.0
CPU_temp,2014-06-05T23:55:04.408111Z,54.1
CPU_load,2014-06-06T11:55:04.042535Z,0.0
CPU_temp,2014-06-06T11:55:04.042535Z,55.7
CPU_load,2014-06-06T23:59:11.772991Z,172.0
CPU_temp,2014-06-06T23:59:11.772991Z,50.8
CPU_load,2014-06-07T11:55:03.592949Z,0.0
CPU_temp,2014-06-07T11:55:03.592949Z,55.7
CPU_load,2014-06-07T23:55:04.354031Z,0.0
CPU_temp,2014-06-07T23:55:04.354031Z,56.8
CPU_load,2014-06-08T11:55:03.912985Z,0.0
CPU_temp,2014-06-08T11:55:03.912985Z,57.3
CPU_load,2014-06-08T23:55:04.100558Z,0.0
CPU_temp,2014-06-08T23:55:04.100558Z,57.3
CPU_load,2014-06-09T11:55:04.018422Z,0.0
CPU_temp,2014-06-09T11:55:04.018422Z,57.3
CPU_load,2014-06-09T23:55:03.512355Z,2.0
CPU_temp,2014-06-09T23:55:03.512355Z,57.3
CPU_load,2014-06-10T11:55:04.086695Z,8.0
CPU_temp,2014-06-10T11:55:04.086695Z,57.3
CPU_load,2014-06-10T23:55:05.994350Z,17.0
CPU_temp,2014-06-10T23:55:05.994350Z,57.3
CPU_load,2014-06-11T11:55:05.827432Z,24.0
CPU_temp,2014-06-11T11:55:05.827432Z,57.3
CPU_load,2014-06-11T23:55:04.097829Z,0.0
CPU_temp,2014-06-11T23:55:04.097829Z,57.8
CPU_load,2014-06-12T11:55:03.697757Z,16.0
CPU_temp,2014-06-12T11:55:03.697757Z,57.3
CPU_load,2014-06-12T23:55:03.910939Z,10.0
CPU_temp,2014-06-12T23:55:03.910939Z,57.8
CPU_load,2014-06-13T11:55:04.226027Z,1.0
CPU_temp,2014-06-13T11:55:04.226027Z,58.4
CPU_load,2014-06-13T23:55:04.347960Z,1.0
CPU_temp,2014-06-13T23:55:04.347960Z,57.8
CPU_load,2014-06-14T11:55:04.043584Z,0.0
CPU_temp,2014-06-14T11:55:04.043584Z,58.4
CPU_load,2014-06-14T23:55:04.153010Z,8.0
CPU_temp,2014-06-14T23:55:04.153010Z,57.3
CPU_load,2014-06-15T11:55:04.111538Z,0.0
CPU_temp,2014-06-15T11:55:04.111538Z,58.4
CPU_load,2014-06-15T23:55:04.102310Z,0.0
CPU_temp,2014-06-15T23:55:04.102310Z,57.8
CPU_load,2014-06-16T11:55:03.784576Z,8.0
CPU_temp,2014-06-16T11:55:03.784576Z,57.3
CPU_load,2014-06-16T23:55:07.003029Z,46.0
CPU_temp,2014-06-16T23:55:07.003029Z,58.4
CPU_load,2014-06-17T11:55:03.724164Z,6.0
CPU_temp,2014-06-17T11:55:03.724164Z,57.3
CPU_load,2014-06-17T23:55:04.370027Z,0.0
CPU_temp,2014-06-17T23:55:04.370027Z,57.3
CPU_load,2014-06-18T11:55:03.419356Z,8.0
CPU_temp,2014-06-18T11:55:03.419356Z,57.8
CPU_load,2014-06-18T23:55:03.578271Z,8.0
CPU_temp,2014-06-18T23:55:03.578271Z,57.8
CPU_load,2014-06-19T11:55:04.666606Z,0.0
CPU_temp,2014-06-19T11:55:04.666606Z,58.4
CPU_load,2014-06-19T23:55:03.609023Z,1.0
CPU_temp,2014-06-19T23:55:03.609023Z,57.3
CPU_load,2014-06-20T11:55:03.996698Z,8.0
CPU_temp,2014-06-20T11:55:03.996698Z,57.8
CPU_load,2014-06-20T23:55:04.439096Z,20.0
CPU_temp,2014-06-20T23:55:04.439096Z,57.3
CPU_load,2014-06-21T11:55:06.110035Z,0.0
CPU_temp,2014-06-21T11:55:06.110035Z,58.4
CPU_load,2014-06-21T23:55:03.895067Z,7.000000000000001
CPU_temp,2014-06-21T23:55:03.895067Z,58.4
CPU_load,2014-06-22T11:55:04.110650Z,0.0
CPU_temp,2014-06-22T11:55:04.110650Z,59.5
CPU_load,2014-06-22T23:55:03.836534Z,8.0
CPU_temp,2014-06-22T23:55:03.836534Z,58.4
CPU_load,2014-06-23T11:55:04.943517Z,6.0
CPU_temp,2014-06-23T11:55:04.943517Z,58.9
CPU_load,2014-06-23T23:55:05.573371Z,0.0
CPU_temp,2014-06-23T23:55:05.573371Z,57.3
CPU_load,2014-06-24T11:50:04.968541Z,0.0
CPU_temp,2014-06-24T11:50:04.968541Z,58.4
CPU_load,2014-06-24T23:55:04.350738Z,8.0
CPU_temp,2014-06-24T23:55:04.350738Z,57.3
CPU_load,2014-06-25T11:55:03.841130Z,0.0
CPU_temp,2014-06-25T11:55:03.841130Z,57.8
CPU_load,2014-06-25T23:55:03.460360Z,0.0
CPU_temp,2014-06-25T23:55:03.460360Z,57.3
CPU_load,2014-06-26T11:55:03.877015Z,0.0
CPU_temp,2014-06-26T11:55:03.877015Z,58.4
CPU_load,2014-06-26T23:55:04.402415Z,8.0
CPU_temp,2014-06-26T23:55:04.402415Z,57.3
CPU_load,2014-06-27T11:55:04.311252Z,0.0
CPU_temp,2014-06-27T11:55:04.311252Z,57.3
CPU_load,2014-06-27T23:55:03.846239Z,0.0
CPU_temp,2014-06-27T23:55:03.846239Z,57.3
CPU_load,2014-06-28T11:55:03.589689Z,0.0
CPU_temp,2014-06-28T11:55:03.589689Z,57.8
CPU_load,2014-06-28T23:50:03.770470Z,17.0
CPU_temp,2014-06-28T23:50:03.770470Z,58.4
CPU_load,2014-06-29T11:55:04.567591Z,8.0
CPU_temp,2014-06-29T11:55:04.567591Z,58.4
CPU_load,2014-06-29T23:55:04.265795Z,0.0
CPU_temp,2014-06-29T23:55:04.265795Z,58.4
CPU_load,2014-06-30T11:55:04.143907Z,0.0
CPU_temp,2014-06-30T11:55:04.143907Z,58.4
CPU_load,2014-06-30T23:55:04.335250Z,0.0
CPU_temp,2014-06-30T23:55:04.335250Z,57.8
CPU_load,2014-07-01T11:55:03.799818Z,0.0
CPU_temp,2014-07-01T11:55:03.799818Z,58.4
CPU_load,2014-07-01T23:55:18.208149Z,1.0
CPU_temp,2014-07-01T23:55:18.208149Z,58.4
CPU_load,2014-07-02T11:55:03.318561Z,0.0
CPU_temp,2014-07-02T11:55:03.318561Z,58.4
CPU_load,2014-07-02T23:55:03.923362Z,8.0
CPU_temp,2014-07-02T23:55:03.923362Z,58.4
CPU_load,2014-07-03T11:55:03.325210Z,0.0
CPU_temp,2014-07-03T11:55:03.325210Z,58.9
CPU_load,2014-07-03T23:55:03.842776Z,2.0
CPU_temp,2014-07-03T23:55:03.842776Z,56.8
CPU_load,2014-07-04T11:55:03.837480Z,0.0
CPU_temp,2014-07-04T11:55:03.837480Z,56.8
CPU_load,2014-07-04T23:55:04.115464Z,3.0
CPU_temp,2014-07-04T23:55:04.115464Z,58.4
CPU_load,2014-07-05T11:55:04.100922Z,8.0
CPU_temp,2014-07-05T11:55:04.100922Z,57.8
CPU_load,2014-07-05T23:55:04.303333Z,0.0
CPU_temp,2014-07-05T23:55:04.303333Z,57.8
CPU_load,2014-07-06T11:55:03.335961Z,0.0
CPU_temp,2014-07-06T11:55:03.335961Z,59.5
CPU_load,2014-07-06T23:55:03.421668Z,9.0
CPU_temp,2014-07-06T23:55:03.421668Z,58.9
CPU_load,2014-07-07T11:55:03.248741Z,0.0
CPU_temp,2014-07-07T11:55:03.248741Z,58.9
CPU_load,2014-07-07T23:55:03.502683Z,0.0
CPU_temp,2014-07-07T23:55:03.502683Z,58.4
CPU_load,2014-07-08T11:55:03.610279Z,7.000000000000001
CPU_temp,2014-07-08T11:55:03.610279Z,58.4
CPU_load,2014-07-08T23:55:03.901308Z,0.0
CPU_temp,2014-07-08T23:55:03.901308Z,58.4
CPU_load,2014-07-09T11:55:03.325090Z,0.0
CPU_temp,2014-07-09T11:55:03.325090Z,58.9
CPU_load,2014-07-09T23:55:03.500672Z,4.0
CPU_temp,2014-07-09T23:55:03.500672Z,58.4
CPU_load,2014-07-10T11:55:04.165895Z,0.0
CPU_temp,2014-07-10T11:55:04.165895Z,58.4
CPU_load,2014-07-10T23:55:03.574382Z,16.0
CPU_temp,2014-07-10T23:55:03.574382Z,58.4
CPU_load,2014-07-11T11:55:03.827510Z,25.0
CPU_temp,2014-07-11T11:55:03.827510Z,57.8
CPU_load,2014-07-11T23:55:03.900044Z,0.0
CPU_temp,2014-07-11T23:55:03.900044Z,58.9
CPU_load,2014-07-12T11:55:05.280232Z,0.0
CPU_temp,2014-07-12T11:55:05.280232Z,57.8
CPU_load,2014-07-12T23:55:03.958430Z,0.0
CPU_temp,2014-07-12T23:55:03.958430Z,57.3
CPU_load,2014-07-13T11:55:03.486648Z,16.0
CPU_temp,2014-07-13T11:55:03.486648Z,58.4
CPU_load,2014-07-13T23:55:03.339439Z,0.0
CPU_temp,2014-07-13T23:55:03.339439Z,58.4
CPU_load,2014-07-14T11:55:03.957349Z,0.0
CPU_temp,2014-07-14T11:55:03.957349Z,58.4
CPU_load,2014-07-14T23:55:03.469037Z,18.0
CPU_temp,2014-07-14T23:55:03.469037Z,58.4
CPU_load,2014-07-15T11:55:03.548011Z,31.0
CPU_temp,2014-07-15T11:55:03.548011Z,58.4
CPU_load,2014-07-15T23:55:03.729089Z,0.0
CPU_temp,2014-07-15T23:55:03.729089Z,59.5
CPU_load,2014-07-16T11:55:03.425652Z,0.0
CPU_temp,2014-07-16T11:55:03.425652Z,58.4
CPU_load,2014-07-16T23:55:03.891918Z,0.0
CPU_temp,2014-07-16T23:55:03.891918Z,58.4
CPU_load,2014-07-17T11:55:03.763682Z,9.0
CPU_temp,2014-07-17T11:55:03.763682Z,59.5
CPU_load,2014-07-17T23:55:03.833066Z,0.0
CPU_temp,2014-07-17T23:55:03.833066Z,59.5
CPU_load,2014-07-18T11:55:03.505170Z,2.0
CPU_temp,2014-07-18T11:55:03.505170Z,59.5
CPU_load,2014-07-18T23:55:04.320070Z,0.0
CPU_temp,2014-07-18T23:55:04.320070Z,58.4
CPU_load,2014-07-19T11:55:04.013020Z,8.0
CPU_temp,2014-07-19T11:55:04.013020Z,56.2
CPU_load,2014-07-19T23:55:03.855315Z,1.0
CPU_temp,2014-07-19T23:55:03.855315Z,59.5
CPU_load,2014-07-20T11:55:03.884197Z,0.0
CPU_temp,2014-07-20T11:55:03.884197Z,56.8
CPU_load,2014-07-20T23:55:03.842906Z,0.0
CPU_temp,2014-07-20T23:55:03.842906Z,59.5
CPU_load,2014-07-21T11:55:03.639999Z,19.0
CPU_temp,2014-07-21T11:55:03.639999Z,58.9
CPU_load,2014-07-21T23:55:03.506193Z,0.0
CPU_temp,2014-07-21T23:55:03.506193Z,59.5
CPU_load,2014-07-22T11:55:03.714217Z,0.0
CPU_temp,2014-07-22T11:55:03.714217Z,58.9
CPU_load,2014-07-22T23:55:03.762782Z,0.0
CPU_temp,2014-07-22T23:55:03.762782Z,59.5
CPU_load,2014-07-23T11:55:03.944343Z,8.0
CPU_temp,2014-07-23T11:55:03.944343Z,59.5
CPU_load,2014-07-23T23:55:03.836914Z,10.0
CPU_temp,2014-07-23T23:55:03.836914Z,59.5
CPU_load,2014-07-24T11:55:03.770900Z,0.0
CPU_temp,2014-07-24T11:55:03.770900Z,59.5
CPU_load,2014-07-24T23:55:03.354325Z,2.0
CPU_temp,2014-07-24T23:55:03.354325Z,59.5
CPU_load,2014-07-25T11:55:03.815840Z,16.0
CPU_temp,2014-07-25T11:55:03.815840Z,59.5
CPU_load,2014-07-25T23:55:03.745614Z,0.0
CPU_temp,2014-07-25T23:55:03.745614Z,59.5
CPU_load,2014-07-26T11:55:04.262081Z,0.0
CPU_temp,2014-07-26T11:55:04.262081Z,60.0
CPU_load,2014-07-26T23:55:03.671222Z,3.0
CPU_temp,2014-07-26T23:55:03.671222Z,58.4
CPU_load,2014-07-27T11:55:03.902803Z,16.0
CPU_temp,2014-07-27T11:55:03.902803Z,59.5
CPU_load,2014-07-27T23:55:03.940699Z,0.0
CPU_temp,2014-07-27T23:55:03.940699Z,59.5
CPU_load,2014-07-28T11:15:04.207199Z,0.0
CPU_temp,2014-07-28T11:15:04.207199Z,59.5
CPU_load,2014-07-28T23:55:03.635770Z,0.0
CPU_temp,2014-07-28T23:55:03.635770Z,59.5
CPU_load,2014-07-29T11:55:03.666510Z,8.0
CPU_temp,2014-07-29T11:55:03.666510Z,59.5
CPU_load,2014-07-29T23:55:04.017846Z,8.0
CPU_temp,2014-07-29T23:55:04.017846Z,58.9
CPU_load,2014-07-30T11:55:03.450551Z,0.0
CPU_temp,2014-07-30T11:55:03.450551Z,59.5
CPU_load,2014-07-30T23:55:04.027234Z,0.0
CPU_temp,2014-07-30T23:55:04.027234Z,57.8
CPU_load,2014-07-31T11:55:04.023024Z,8.0
CPU_temp,2014-07-31T11:55:04.023024Z,58.9
CPU_load,2014-07-31T23:55:03.518238Z,0.0
CPU_temp,2014-07-31T23:55:03.518238Z,57.8
CPU_load,2014-08-01T11:55:03.674066Z,0.0
CPU_temp,2014-08-01T11:55:03.674066Z,59.5
CPU_load,2014-08-01T18:40:29.608931Z,290.0
CPU_temp,2014-08-01T18:40:29.608931Z,60.5
CPU_load,2014-08-02T11:55:04.264129Z,0.0
CPU_temp,2014-08-02T11:55:04.264129Z,59.5
CPU_load,2014-08-02T22:10:03.413057Z,0.0
CPU_temp,2014-08-02T22:10:03.413057Z,57.3
